City_ID,City,Country,Date,Lat,Lng,Max Temp,Humidity,Cloudiness,Wind Speed
0,Ostrovnoy,RU,2021-10-29 13:19:06,68.0531,39.5131,34.36,97,100,18.03
1,Cidreira,BR,2021-10-29 13:19:07,-30.1811,-50.2056,70.81,75,100,15.99
2,Roma,US,2021-10-29 13:19:07,43.2128,-75.4557,48.87,87,1,8.05
3,Butaritari,KI,2021-10-29 13:19:08,3.0707,172.7902,82.87,71,1,15.43
4,Kahului,US,2021-10-29 13:18:10,20.8947,-156.47,75.85,88,1,6.91
5,Tuktoyaktuk,CA,2021-10-29 13:19:08,69.4541,-133.0374,24.8,100,90,2.3
6,Albany,US,2021-10-29 13:14:45,42.6001,-73.9662,44.8,86,1,1.99
7,Bluff,NZ,2021-10-29 13:19:09,-46.6,168.3333,55.04,88,100,7.4
8,Meulaboh,ID,2021-10-29 13:19:09,4.1363,96.1285,79.23,86,93,3.65
9,Manaus,BR,2021-10-29 13:15:49,-3.1019,-60.025,82.9,83,40,2.3
10,Maksatikha,RU,2021-10-29 13:19:10,57.797,35.8825,48.74,85,99,9.33
11,Mataura,NZ,2021-10-29 13:19:10,-46.1927,168.8643,52.21,89,67,2.68
12,Freeport,US,2021-10-29 13:15:35,40.6576,-73.5832,54.05,67,40,4.0
13,Ambilobe,MG,2021-10-29 13:19:11,-13.2,49.05,82.54,64,66,7.45
14,Longyearbyen,SJ,2021-10-29 13:14:24,78.2186,15.6401,26.44,63,75,11.5
15,Alugan,PH,2021-10-29 13:19:12,12.2188,125.4808,80.24,84,96,12.24
16,Karwar,IN,2021-10-29 13:19:12,14.8,74.1333,81.93,72,88,4.14
17,Rikitea,PF,2021-10-29 13:17:06,-23.1203,-134.9692,75.11,75,100,17.78
18,Kununurra,AU,2021-10-29 13:19:13,-15.7667,128.7333,80.58,83,84,8.05
19,Chokurdakh,RU,2021-10-29 13:19:14,70.6333,147.9167,-9.35,95,100,3.67
20,Hilo,US,2021-10-29 13:19:14,19.7297,-155.09,81.28,63,1,8.05
21,Mulchen,CL,2021-10-29 13:15:56,-37.7167,-72.2333,55.26,55,100,6.71
22,Malya,TZ,2021-10-29 13:19:14,-2.9833,33.5167,88.68,24,99,5.21
23,Bosaso,SO,2021-10-29 13:19:15,11.2842,49.1816,84.83,49,6,14.76
24,Ushuaia,AR,2021-10-29 13:19:15,-54.8,-68.3,51.42,76,75,36.82
25,Kapaa,US,2021-10-29 13:19:16,22.0752,-159.319,73.38,99,90,5.75
26,Ilulissat,GL,2021-10-29 13:19:16,69.2167,-51.1,24.82,80,40,1.14
27,Hermanus,ZA,2021-10-29 13:19:16,-34.4187,19.2345,69.91,69,91,20.31
28,Eureka,US,2021-10-29 13:14:17,40.8021,-124.1637,57.74,96,98,1.72
29,Georgetown,MY,2021-10-29 13:19:17,5.4112,100.3354,84.15,87,40,2.3
30,Komsomolskiy,UZ,2021-10-29 13:19:17,40.4272,71.7189,52.52,58,16,6.91
31,Hirara,JP,2021-10-29 13:19:18,24.8,125.2833,76.14,60,89,14.23
32,Busselton,AU,2021-10-29 13:19:18,-33.65,115.3333,52.39,76,0,11.77
33,Cabano,PH,2021-10-29 13:19:19,10.5869,122.7002,80.98,83,100,15.68
34,Barrow,US,2021-10-29 13:19:19,71.2906,-156.7887,-7.58,84,1,10.36
35,Punta Arenas,CL,2021-10-29 13:16:35,-53.15,-70.9167,51.82,66,75,26.46
36,Grindavik,IS,2021-10-29 13:19:20,63.8424,-22.4338,44.55,81,75,19.57
37,Mar Del Plata,AR,2021-10-29 13:19:20,-38.0023,-57.5575,77.02,50,0,12.66
38,Cherskiy,RU,2021-10-29 13:19:21,68.75,161.3,-15.66,93,84,1.72
39,Flagstaff,US,2021-10-29 13:19:21,35.1981,-111.6513,47.86,73,1,5.99
40,Dryden,CA,2021-10-29 13:15:28,49.7833,-92.7503,39.49,93,90,2.3
41,Vaini,TO,2021-10-29 13:19:22,-21.2,-175.2,73.56,94,75,9.22
42,Ola,RU,2021-10-29 13:19:22,59.5833,151.2833,29.77,88,100,6.64
43,Alofi,NU,2021-10-29 13:19:23,-19.0595,-169.9187,73.29,73,99,11.5
44,Qaanaaq,GL,2021-10-29 13:19:23,77.484,-69.3632,12.42,76,85,8.14
45,Tautira,PF,2021-10-29 13:19:24,-17.7333,-149.15,69.82,83,91,10.42
46,Taltal,CL,2021-10-29 13:19:24,-25.4,-70.4833,66.06,58,0,5.59
47,Cheremukhovo,RU,2021-10-29 13:19:24,60.3484,59.9851,20.35,69,3,7.63
48,Namibe,AO,2021-10-29 13:19:25,-15.1961,12.1522,76.95,59,100,12.64
49,Yellowknife,CA,2021-10-29 13:19:25,62.456,-114.3525,32.41,100,90,6.91
50,Puerto Ayora,EC,2021-10-29 13:19:26,-0.7393,-90.3518,69.82,88,98,9.89
51,Ancud,CL,2021-10-29 13:19:26,-41.8697,-73.8203,53.13,72,85,5.03
52,El Jicaro,GT,2021-10-29 13:19:26,14.9167,-89.9,74.73,95,100,2.37
53,San Javier,ES,2021-10-29 13:19:24,37.8063,-0.8374,74.8,60,20,8.01
54,Cape Town,ZA,2021-10-29 13:16:24,-33.9258,18.4232,71.89,70,75,3.0
55,Svetlyy,RU,2021-10-29 13:19:27,54.675,20.1347,57.96,50,92,14.0
56,Provideniya,RU,2021-10-29 13:19:28,64.3833,-173.3,8.8,80,55,4.94
57,Arys,KZ,2021-10-29 13:19:28,42.4252,68.795,48.42,55,22,3.11
58,Bend,US,2021-10-29 13:17:39,44.0582,-121.3153,59.47,76,75,1.99
59,Porvoo,FI,2021-10-29 13:19:29,60.3923,25.6651,52.95,83,100,14.34
60,Port Alfred,ZA,2021-10-29 13:19:29,-33.5906,26.891,69.13,74,51,23.06
61,Dingle,PH,2021-10-29 13:19:29,10.9995,122.6711,76.5,91,100,6.82
62,Port Pirie,AU,2021-10-29 13:19:30,-33.1833,138.0167,57.29,72,0,8.55
63,Hofn,IS,2021-10-29 13:19:30,64.2539,-15.2082,44.47,88,100,13.98
64,Saint-Philippe,RE,2021-10-29 13:19:31,-21.3585,55.7679,77.49,86,77,9.51
65,Kopervik,NO,2021-10-29 13:19:31,59.2835,5.3067,57.9,77,75,23.02
66,Roald,NO,2021-10-29 13:19:32,62.5833,6.1333,58.12,87,75,3.44
67,Atuona,PF,2021-10-29 13:19:32,-9.8,-139.0333,77.34,72,100,11.83
68,Belem De Sao Francisco,BR,2021-10-29 13:16:36,-8.7539,-38.9658,85.6,43,7,14.34
69,Nikolskoye,RU,2021-10-29 13:19:33,59.7035,30.7861,55.87,77,16,10.31
70,Evensk,RU,2021-10-29 13:19:33,61.95,159.2333,10.35,92,93,4.97
71,Forio,IT,2021-10-29 13:19:34,40.7342,13.8646,67.82,67,100,1.99
72,Sitka,US,2021-10-29 13:19:34,57.0531,-135.33,42.69,75,90,17.27
73,Luderitz,NA,2021-10-29 13:19:35,-26.6481,15.1594,69.98,58,0,17.09
74,Micheweni,TZ,2021-10-29 13:19:35,-4.9667,39.8333,83.39,65,60,9.62
75,Honavar,IN,2021-10-29 13:19:36,14.2833,74.45,82.2,73,38,2.04
76,Baherden,TM,2021-10-29 13:19:36,38.4362,57.4316,62.35,35,4,8.12
77,Hobart,AU,2021-10-29 13:14:48,-42.8794,147.3294,42.66,80,40,5.01
78,Nyimba,ZM,2021-10-29 13:19:37,-14.5566,30.8149,96.1,18,4,5.14
79,Ribeira Grande,PT,2021-10-29 13:19:37,38.5167,-28.7,72.0,88,40,21.85
80,Faanui,PF,2021-10-29 13:19:38,-16.4833,-151.75,78.87,77,100,13.91
81,New Norfolk,AU,2021-10-29 13:19:38,-42.7826,147.0587,42.3,70,15,1.99
82,Jamestown,US,2021-10-29 13:19:39,42.097,-79.2353,52.52,98,90,7.0
83,Salalah,OM,2021-10-29 13:19:39,17.0151,54.0924,86.09,54,75,13.8
84,Mehamn,NO,2021-10-29 13:19:39,71.0357,27.8492,37.35,87,90,16.11
85,Tuatapere,NZ,2021-10-29 13:19:40,-46.1333,167.6833,53.08,93,100,3.27
86,Adrar,MR,2021-10-29 13:19:40,20.5022,-10.0711,86.65,25,26,8.79
87,Thompson,CA,2021-10-29 13:19:40,55.7435,-97.8558,33.96,93,75,6.91
88,Pangnirtung,CA,2021-10-29 13:19:41,66.1451,-65.7125,32.0,100,90,3.44
89,Gewane,ET,2021-10-29 13:19:42,10.1664,40.6453,94.5,10,9,14.05
90,Piacabucu,BR,2021-10-29 13:19:42,-10.4056,-36.4344,82.78,57,25,12.06
91,Kruisfontein,ZA,2021-10-29 13:19:42,-34.0033,24.7314,62.89,55,7,22.97
92,Saint Stephen,GB,2021-10-29 13:15:28,50.3333,-4.9,57.81,62,40,14.97
93,Makokou,GA,2021-10-29 13:19:43,0.5738,12.8642,82.74,74,75,4.61
94,Takoradi,GH,2021-10-29 13:19:43,4.8845,-1.7554,83.95,71,86,9.26
95,Wanning,CN,2021-10-29 13:19:44,18.8003,110.3967,76.48,91,91,10.8
96,Aklavik,CA,2021-10-29 13:19:44,68.2191,-135.0107,25.63,88,100,4.21
97,Bathsheba,BB,2021-10-29 13:19:44,13.2167,-59.5167,86.61,58,20,13.8
98,Upernavik,GL,2021-10-29 13:19:45,72.7868,-56.1549,20.19,56,13,5.7
99,Kirakira,SB,2021-10-29 13:19:45,-10.4544,161.9205,80.22,85,49,10.78
100,Orlik,RU,2021-10-29 13:19:46,52.5178,99.825,28.87,71,20,4.34
101,Vale Da Amoreira,PT,2021-10-29 13:19:46,39.0697,-7.6985,65.03,63,100,11.83
102,Santa Luzia,BR,2021-10-29 13:19:46,-19.7697,-43.8514,80.74,49,20,6.91
103,Chuy,UY,2021-10-29 13:19:47,-33.6971,-53.4616,73.54,59,1,12.86
104,Esperance,AU,2021-10-29 13:19:48,-33.8667,121.9,52.63,69,7,6.31
105,Deputatskiy,RU,2021-10-29 13:19:48,69.3,139.9,7.99,94,100,5.44
106,Lebu,CL,2021-10-29 13:19:49,-37.6167,-73.65,55.85,74,100,14.94
107,Saskylakh,RU,2021-10-29 13:19:49,71.9167,114.0833,-19.48,100,32,3.85
108,Adre,TD,2021-10-29 13:19:49,13.4667,22.2,91.71,12,46,4.23
109,Sao Joao Da Barra,BR,2021-10-29 13:19:50,-21.6403,-41.0511,77.09,79,100,3.87
110,Port Elizabeth,ZA,2021-10-29 13:19:50,-33.918,25.5701,65.1,77,0,21.85
111,Bethel,US,2021-10-29 13:19:51,41.3712,-73.414,51.01,87,90,1.99
112,Balkanabat,TM,2021-10-29 13:19:51,39.5108,54.3671,60.12,38,99,1.79
113,Kentau,KZ,2021-10-29 13:19:52,43.5206,68.5094,45.28,57,22,3.36
114,Fort-De-France,MQ,2021-10-29 13:19:52,14.6089,-61.0733,86.02,46,20,14.97
115,Donskoye,RU,2021-10-29 13:19:53,45.4552,41.9741,51.93,62,83,5.5
116,Caravelas,BR,2021-10-29 13:19:53,-17.7125,-39.2481,80.87,63,82,8.5
117,Fiumicino,IT,2021-10-29 13:19:54,41.7675,12.2291,70.99,61,0,5.75
118,Camacha,PT,2021-10-29 13:19:54,33.0833,-16.3333,74.16,73,40,17.27
119,Chernyshevskiy,RU,2021-10-29 13:19:55,63.0128,112.4714,7.38,95,12,4.25
120,Port-Gentil,GA,2021-10-29 13:19:56,-0.7193,8.7815,82.36,83,90,10.36
121,Isangel,VU,2021-10-29 13:19:56,-19.55,169.2667,75.58,85,95,8.86
122,Rio Gallegos,AR,2021-10-29 13:19:57,-51.6226,-69.2181,53.65,58,20,6.91
123,Fez,MA,2021-10-29 13:19:57,34.0372,-4.9998,77.25,38,0,8.05
124,Tessalit,ML,2021-10-29 13:19:58,20.1986,1.0114,95.86,12,100,12.33
125,Avarua,CK,2021-10-29 13:19:58,-21.2078,-159.775,71.65,73,1,4.61
126,Kodiak,US,2021-10-29 13:19:59,57.79,-152.4072,36.88,66,100,7.92
127,Nichinan,JP,2021-10-29 13:19:59,31.6,131.3667,59.76,72,67,6.02
128,Bambous Virieux,MU,2021-10-29 13:19:59,-20.3428,57.7575,77.25,78,75,8.05
129,Vostok,RU,2021-10-29 13:20:00,46.4856,135.8833,31.96,79,0,3.24
130,Mount Isa,AU,2021-10-29 13:20:00,-20.7333,139.5,74.97,73,95,1.14
131,Muborak,UZ,2021-10-29 13:20:01,39.2553,65.1528,54.99,33,0,5.64
132,Bengkulu,ID,2021-10-29 13:20:02,-3.8004,102.2655,78.87,87,100,8.01
133,Codrington,AU,2021-10-29 13:20:03,-38.2667,141.9667,45.46,68,9,8.59
134,Leon,MX,2021-10-29 13:16:14,21.1167,-101.6667,57.25,87,32,3.76
135,Verkhnyaya Inta,RU,2021-10-29 13:20:04,65.9811,60.3094,16.84,88,100,13.78
136,Berbera,SO,2021-10-29 13:20:05,10.4396,45.0143,86.95,52,0,15.57
137,Henties Bay,NA,2021-10-29 13:20:06,-22.116,14.2845,65.86,66,0,15.37
138,Kaitangata,NZ,2021-10-29 13:20:07,-46.2817,169.8464,50.94,96,60,4.76
139,Jerome,US,2021-10-29 13:20:08,42.7241,-114.5186,53.15,83,1,12.66
140,Salemi,IT,2021-10-29 13:20:08,37.8231,12.8056,64.09,93,100,10.4
141,Homer,US,2021-10-29 13:19:36,59.6425,-151.5483,30.09,85,1,4.61
142,Lagoa,PT,2021-10-29 13:20:09,39.05,-27.9833,67.68,80,100,5.44
143,East London,ZA,2021-10-29 13:20:09,-33.0153,27.9116,65.34,82,20,20.71
144,Changji,CN,2021-10-29 13:20:10,44.0167,87.3167,52.59,46,78,4.47
145,Srednekolymsk,RU,2021-10-29 13:20:10,67.45,153.6833,3.7,97,100,2.51
146,Gamba,GA,2021-10-29 13:20:11,-2.65,10.0,80.8,75,100,7.94
147,Kyzyl-Suu,KG,2021-10-29 13:20:11,42.3414,78.0056,41.23,81,100,2.17
148,Rajula,IN,2021-10-29 13:20:11,21.05,71.4333,81.7,32,43,8.95
149,Porto Murtinho,BR,2021-10-29 13:15:45,-21.6989,-57.8825,93.22,41,14,8.81
150,Mpongwe,ZM,2021-10-29 13:20:12,-13.5091,28.155,94.08,18,56,5.57
151,Czluchow,PL,2021-10-29 13:20:13,53.6672,17.3588,58.14,40,48,9.78
152,Trelew,AR,2021-10-29 13:20:13,-43.249,-65.3051,78.76,17,88,6.8
153,Santa Rosalia,MX,2021-10-29 13:20:14,27.3167,-112.2833,68.04,43,0,2.68
154,Lamar,US,2021-10-29 13:16:35,33.6668,-95.5836,55.36,57,20,16.11
155,Guerrero Negro,MX,2021-10-29 13:20:14,27.9769,-114.0611,65.1,78,0,0.74
156,Amapa,BR,2021-10-29 13:20:15,1.0,-52.0,82.51,70,35,3.67
157,Victoria,HK,2021-10-29 13:15:47,22.2855,114.1577,78.85,78,73,1.99
158,Bondo,CD,2021-10-29 13:20:16,3.8146,23.6866,85.66,55,95,5.03
159,Kamaishi,JP,2021-10-29 13:20:16,39.2667,141.8833,49.84,74,2,6.33
160,La Palma,US,2021-10-29 13:20:17,33.8464,-118.0467,77.5,67,1,0.0
161,Hasaki,JP,2021-10-29 13:20:17,35.7333,140.8333,54.0,53,43,17.49
162,Mlonggo,ID,2021-10-29 13:20:17,-6.5333,110.7,80.49,79,100,3.06
163,Kolokani,ML,2021-10-29 13:20:18,13.5728,-8.0339,93.16,30,14,3.22
164,Mitropoli,GR,2021-10-29 13:20:19,39.3394,21.8369,64.6,60,60,1.61
165,Kutum,SD,2021-10-29 13:20:19,14.2,24.6667,86.29,11,78,5.75
166,Zarichne,UA,2021-10-29 13:20:20,51.8126,26.129,60.55,57,50,9.44
167,Solikamsk,RU,2021-10-29 13:17:32,59.6196,56.7729,17.78,92,65,4.05
168,Tual,ID,2021-10-29 13:20:20,-5.6667,132.75,83.89,73,100,7.85
169,Kozhva,RU,2021-10-29 13:20:21,65.1073,57.0459,17.24,89,6,6.24
170,Karaton,ID,2021-10-29 13:20:21,-6.3424,106.1045,85.96,90,100,3.38
171,Samarai,PG,2021-10-29 13:20:22,-10.6167,150.6667,82.83,83,72,10.92
172,Souillac,MU,2021-10-29 13:20:22,-20.5167,57.5167,77.38,78,75,8.05
173,Viedma,AR,2021-10-29 13:20:22,-40.8135,-62.9967,85.91,30,0,18.43
174,Norman Wells,CA,2021-10-29 13:20:23,65.282,-126.8329,23.04,86,75,4.61
175,Hobyo,SO,2021-10-29 13:20:23,5.3505,48.5268,82.24,60,0,15.73
176,Bambanglipuro,ID,2021-10-29 13:20:24,-7.95,110.2833,78.49,88,100,5.61
177,Khonsa,IN,2021-10-29 13:20:24,27.0167,95.5667,62.89,80,0,3.89
178,Manadhoo,MV,2021-10-29 13:20:24,5.7667,73.3833,81.36,73,68,7.2
179,Belen,TR,2021-10-29 13:20:25,36.4891,36.2233,69.94,38,0,2.3
180,Hamilton,US,2021-10-29 13:15:33,39.1834,-84.5333,57.24,97,90,0.0
181,Cefalu,IT,2021-10-29 13:20:25,38.0386,14.0229,63.41,91,100,7.0
182,Magadan,RU,2021-10-29 13:20:26,59.5667,150.8,28.96,89,100,8.05
183,Bredasdorp,ZA,2021-10-29 13:20:26,-34.5322,20.0403,74.52,41,75,17.27
184,Jutai,BR,2021-10-29 13:20:27,-5.1833,-68.9,80.04,78,96,0.49
185,Husavik,IS,2021-10-29 13:16:44,66.0449,-17.3389,42.71,97,100,13.29
186,Westport,US,2021-10-29 13:20:27,41.1415,-73.3579,53.35,82,90,1.01
187,Pochutla,MX,2021-10-29 13:20:28,15.7432,-96.4661,76.82,84,97,3.85
188,Nanortalik,GL,2021-10-29 13:20:28,60.1432,-45.2371,34.66,84,100,6.02
189,Zhanaozen,KZ,2021-10-29 13:20:29,43.3,52.8,52.54,57,100,11.79
190,Khatanga,RU,2021-10-29 13:20:29,71.9667,102.5,-12.78,93,100,7.02
191,Castro,BR,2021-10-29 13:20:30,-24.7911,-50.0119,64.62,79,100,7.52
192,Cayenne,GF,2021-10-29 13:20:30,4.9333,-52.3333,87.84,75,0,3.0
193,Hibbing,US,2021-10-29 13:20:31,47.4272,-92.9377,40.86,93,90,9.22
194,Dickson,US,2021-10-29 13:18:56,36.077,-87.3878,52.95,97,90,1.01
195,Nuevo Progreso,MX,2021-10-29 13:20:31,23.1667,-97.95,65.59,49,0,4.97
196,Clyde River,CA,2021-10-29 13:20:32,70.4692,-68.5914,26.1,93,75,9.19
197,Airai,TL,2021-10-29 13:20:32,-8.9266,125.4092,64.56,90,76,1.16
198,Rabat,MA,2021-10-29 13:20:33,33.9911,-6.8401,77.04,77,75,5.75
199,Kandrian,PG,2021-10-29 13:20:33,-6.2167,149.55,79.36,87,92,3.56
200,Puerto Ayacucho,VE,2021-10-29 13:20:33,5.6639,-67.6236,77.85,86,94,1.95
201,Mawlaik,MM,2021-10-29 13:20:34,23.6333,94.4167,76.6,78,0,0.4
202,Acarau,BR,2021-10-29 13:20:34,-2.8856,-40.12,87.78,53,19,10.58
203,Lompoc,US,2021-10-29 13:16:35,34.6391,-120.4579,68.56,79,1,3.44
204,Nemuro,JP,2021-10-29 13:15:47,43.3236,145.575,47.32,74,8,25.57
205,Tombouctou,ML,2021-10-29 13:20:35,20.0,-3.0,95.02,17,98,9.28
206,Yelkhovka,RU,2021-10-29 13:20:35,53.8667,50.2832,36.36,50,9,5.26
207,Tete,MZ,2021-10-29 13:20:36,-16.1564,33.5867,87.89,30,40,10.36
208,Prichard,US,2021-10-29 13:17:58,30.7388,-88.0789,61.02,62,20,3.0
209,Hithadhoo,MV,2021-10-29 13:20:36,-0.6,73.0833,83.71,73,41,14.41
210,Vikhorevka,RU,2021-10-29 13:20:37,56.1201,101.1636,36.99,59,100,6.78
211,Saint George,US,2021-10-29 13:20:37,37.1041,-113.5841,63.07,81,1,3.44
212,Petropavlovsk-Kamchatskiy,RU,2021-10-29 13:20:38,53.0452,158.6483,28.99,93,0,8.95
213,Svetlaya,RU,2021-10-29 13:20:38,46.5389,138.3297,44.1,65,0,5.03
214,San Rafael,AR,2021-10-29 13:19:14,-34.6177,-68.3301,75.47,48,0,0.96
215,Ponta Do Sol,PT,2021-10-29 13:20:39,32.6667,-17.1,79.72,70,84,9.22
216,Ajdabiya,LY,2021-10-29 13:20:39,30.7554,20.2263,76.71,56,100,12.03
217,Varkaus,FI,2021-10-29 13:20:40,62.3153,27.873,50.11,80,89,10.87
218,Ganeasa,RO,2021-10-29 13:20:40,44.4833,26.2833,63.16,46,0,5.75
219,Dabakala,CI,2021-10-29 13:20:40,8.3667,-4.4333,91.35,47,98,4.56
220,Rongcheng,CN,2021-10-29 13:20:41,30.634,117.8517,59.61,70,68,1.5
221,San Vicente,AR,2021-10-29 13:20:41,-26.6167,-54.1333,76.03,63,72,5.23
222,Aksha,RU,2021-10-29 13:20:42,50.2814,113.2867,33.21,49,100,6.44
223,Pareora,NZ,2021-10-29 13:20:42,-44.4871,171.2132,54.18,96,100,1.79
224,Fort Wellington,GY,2021-10-29 13:20:43,6.4,-57.6,81.64,81,50,6.33
225,Buala,SB,2021-10-29 13:20:43,-8.145,159.5921,81.07,81,7,6.87
226,Orcopampa,PE,2021-10-29 13:20:43,-15.2661,-72.3417,48.69,78,42,5.08
227,Palmares Do Sul,BR,2021-10-29 13:20:44,-30.2578,-50.5097,73.87,65,100,17.2
228,Yankton,US,2021-10-29 13:20:44,42.8711,-97.3973,38.12,87,1,11.5
229,Sao Jose Da Coroa Grande,BR,2021-10-29 13:20:45,-8.8978,-35.1478,81.32,64,70,12.33
230,Dikson,RU,2021-10-29 13:20:45,73.5069,80.5464,8.82,83,100,11.05
231,Kachiry,KZ,2021-10-29 13:20:45,53.0675,76.1036,42.1,46,100,18.43
232,Carballo,ES,2021-10-29 13:20:46,43.213,-8.691,62.55,84,100,8.48
233,Snezhnogorsk,RU,2021-10-29 13:20:47,69.1933,33.2531,37.18,97,100,8.5
234,Gonaives,HT,2021-10-29 13:20:47,19.45,-72.6833,81.9,66,3,3.62
235,Camacupa,AO,2021-10-29 13:20:47,-12.0167,17.4833,82.81,38,100,5.99
236,Ahipara,NZ,2021-10-29 13:20:48,-35.1667,173.1667,58.12,93,97,6.58
237,Gigmoto,PH,2021-10-29 13:20:48,13.7796,124.39,80.58,81,22,13.13
238,Pascagoula,US,2021-10-29 13:20:49,30.3658,-88.5561,60.84,61,1,5.75
239,Tahta,EG,2021-10-29 13:20:49,26.7693,31.5021,93.65,14,0,10.31
240,Okrika,NG,2021-10-29 13:20:50,4.7416,7.0849,90.46,54,100,1.74
241,Sawtell,AU,2021-10-29 13:20:50,-30.3833,153.1,75.22,57,100,10.36
242,Cochrane,CA,2021-10-29 13:20:51,51.1834,-114.4687,38.61,67,90,8.05
243,Necochea,AR,2021-10-29 13:20:51,-38.5473,-58.7368,74.97,56,100,15.55
244,Caucaia,BR,2021-10-29 13:20:52,-3.7361,-38.6531,89.55,56,20,12.66
245,Pingdingshan,CN,2021-10-29 13:20:52,33.7385,113.3012,61.99,64,0,3.76
246,Sorland,NO,2021-10-29 13:20:52,67.667,12.6934,46.26,87,75,3.44
247,Vardo,NO,2021-10-29 13:20:53,70.3705,31.1107,35.8,93,75,25.32
248,Hasan Abdal,PK,2021-10-29 13:20:53,30.4333,72.7,79.77,16,0,5.93
249,Yaan,NG,2021-10-29 13:20:54,7.3833,8.5667,92.84,44,94,1.41
250,Mount Pleasant,US,2021-10-29 13:19:49,32.7941,-79.8626,66.2,77,1,10.0
251,Tanda,IN,2021-10-29 13:20:54,26.55,82.65,72.75,43,0,5.59
252,Hudson Bay,CA,2021-10-29 13:20:55,52.85,-102.3842,36.57,57,100,3.15
253,Beloha,MG,2021-10-29 13:20:55,-25.1667,45.05,71.6,44,1,18.77
254,Mandera,KE,2021-10-29 13:20:56,3.9366,41.867,94.41,29,38,6.35
255,Kawalu,ID,2021-10-29 13:20:56,-7.3817,108.2082,73.87,96,100,1.99
256,Miri,MY,2021-10-29 13:17:24,4.4148,114.0089,82.54,83,40,3.44
257,Yambio,SS,2021-10-29 13:20:57,4.5721,28.3955,83.28,59,99,7.16
258,Catamarca,AR,2021-10-29 13:20:57,-28.4696,-65.7852,90.77,37,57,8.99
259,Zonguldak,TR,2021-10-29 13:20:58,41.25,31.8333,58.05,59,0,5.79
260,Avera,US,2021-10-29 13:20:58,33.194,-82.5271,57.07,91,90,11.63
261,Strai,NO,2021-10-29 13:20:58,58.2,7.9,54.63,87,75,9.22
262,Hit,IQ,2021-10-29 13:20:59,33.6416,42.8251,85.89,18,100,4.18
263,Wladyslawowo,PL,2021-10-29 13:20:59,54.7909,18.4009,58.93,48,40,11.14
264,Mount Gambier,AU,2021-10-29 13:21:00,-37.8333,140.7667,42.08,74,6,4.54
265,Sattahip,TH,2021-10-29 13:21:00,12.6664,100.9007,86.92,94,20,2.3
266,Kailua,US,2021-10-29 13:21:01,21.4022,-157.7394,74.75,79,1,3.44
267,Pevek,RU,2021-10-29 13:21:01,69.7008,170.3133,0.16,93,100,3.49
268,Dunedin,NZ,2021-10-29 13:21:02,-45.8742,170.5036,55.8,85,5,1.99
269,Hualmay,PE,2021-10-29 13:21:02,-11.0964,-77.6139,65.05,80,100,8.52
270,Riyadh,SA,2021-10-29 13:18:11,24.6877,46.7219,89.74,15,100,10.25
271,Laon,FR,2021-10-29 13:21:03,49.5667,3.6667,62.85,73,100,15.52
272,Mahebourg,MU,2021-10-29 13:21:03,-20.4081,57.7,77.29,78,75,8.05
273,Praia Da Vitoria,PT,2021-10-29 13:21:04,38.7333,-27.0667,73.76,88,40,12.06
274,Ostersund,SE,2021-10-29 13:21:05,63.1792,14.6357,52.61,76,0,11.5
275,Tchollire,CM,2021-10-29 13:21:05,8.4022,14.1698,95.09,29,99,3.02
276,Kavieng,PG,2021-10-29 13:21:06,-2.5744,150.7967,82.58,76,7,6.46
277,Altay,CN,2021-10-29 13:21:06,47.8667,88.1167,38.35,59,3,7.11
278,Proletarskiy,RU,2021-10-29 13:21:07,50.7914,35.7731,53.69,54,4,1.12
279,Berlevag,NO,2021-10-29 13:21:07,70.8578,29.0864,37.4,80,75,23.02
280,Richards Bay,ZA,2021-10-29 13:21:08,-28.783,32.0377,81.57,51,2,21.16
281,Kitaibaraki,JP,2021-10-29 13:21:08,36.7833,140.75,55.35,60,0,7.34
282,Ukiah,US,2021-10-29 13:21:09,39.1502,-123.2078,57.02,96,90,0.0
283,Payo,ID,2021-10-29 13:21:09,-3.7508,103.6372,76.3,89,89,2.77
284,Northam,GB,2021-10-29 13:21:11,51.0333,-4.2167,58.68,75,84,17.83
285,Namatanai,PG,2021-10-29 13:21:12,-3.6667,152.4333,81.09,81,32,8.14
286,Tigzirt,DZ,2021-10-29 13:21:12,36.8886,4.1198,71.91,50,40,5.79
287,Sinjar,IQ,2021-10-29 13:21:13,36.3209,41.8754,64.22,54,100,13.51
288,Tasiilaq,GL,2021-10-29 13:21:13,65.6145,-37.6368,26.76,73,71,5.99
289,Ahtopol,BG,2021-10-29 13:21:14,42.1,27.95,61.27,66,12,12.86
290,Ottumwa,US,2021-10-29 13:21:14,41.02,-92.4113,50.54,93,90,8.99
291,Princeton,US,2021-10-29 13:21:14,25.5384,-80.4089,78.01,96,1,9.22
292,Mogadishu,SO,2021-10-29 13:16:46,2.0371,45.3438,80.85,73,53,11.32
293,Kuandian,CN,2021-10-29 13:21:15,40.7286,124.7847,46.54,72,100,1.63
294,Arraial Do Cabo,BR,2021-10-29 13:21:15,-22.9661,-42.0278,73.26,94,75,9.22
295,Nishihara,JP,2021-10-29 13:21:16,26.1842,127.7558,72.68,64,0,6.91
296,Iqaluit,CA,2021-10-29 13:21:16,63.7506,-68.5145,37.13,86,90,5.99
297,San Joaquin,US,2021-10-29 13:19:29,37.9333,-121.3011,57.11,95,1,4.61
298,Cabo San Lucas,MX,2021-10-29 13:21:14,22.8909,-109.9124,75.51,76,0,2.95
299,Fairview,US,2021-10-29 13:20:39,40.8126,-73.999,53.29,72,75,3.44
300,Myitkyina,MM,2021-10-29 13:21:17,25.3833,97.4,73.38,82,0,0.94
301,Xian,CN,2021-10-29 13:21:18,34.2583,108.9286,52.61,58,0,3.31
302,Bela,IN,2021-10-29 13:21:18,25.9333,81.9833,73.31,43,0,3.96
303,Kashary,RU,2021-10-29 13:21:19,49.04,41.0056,54.41,54,100,7.83
304,Geraldton,AU,2021-10-29 13:19:18,-28.7667,114.6,63.01,77,0,14.97
305,Goderich,CA,2021-10-29 13:21:19,43.7501,-81.7165,51.03,87,100,19.62
306,Hoquiam,US,2021-10-29 13:21:20,46.9809,-123.8893,50.94,53,100,7.87
307,Faya,SA,2021-10-29 13:21:20,18.3851,42.4509,72.12,25,100,2.35
308,Hauterive,FR,2021-10-29 13:21:21,46.0901,3.4459,65.16,53,100,13.31
309,Asaba,NG,2021-10-29 13:21:21,6.2006,6.7338,91.67,53,100,4.16
310,Apiai,BR,2021-10-29 13:21:22,-24.5094,-48.8425,61.99,91,99,2.84
311,Mana,GF,2021-10-29 13:21:22,5.6592,-53.7767,84.49,69,23,7.31
312,The Valley,AI,2021-10-29 13:21:23,18.217,-63.0578,85.86,74,20,11.5
313,Bubaque,GW,2021-10-29 13:18:12,11.2833,-15.8333,81.79,68,100,6.51
314,Bonavista,CA,2021-10-29 13:21:24,48.6499,-53.1147,42.12,79,100,16.84
315,Half Moon Bay,US,2021-10-29 13:21:24,37.4636,-122.4286,63.99,93,90,3.44
316,Zile,TR,2021-10-29 13:21:25,40.3031,35.8864,51.12,53,95,6.24
317,Inirida,CO,2021-10-29 13:21:25,3.8653,-67.9239,77.74,86,72,1.01
318,Quatre Cocos,MU,2021-10-29 13:21:25,-20.2078,57.7625,77.11,71,76,13.78
319,Vestmannaeyjar,IS,2021-10-29 13:21:26,63.4427,-20.2734,47.39,87,75,17.27
320,Carnarvon,AU,2021-10-29 13:21:26,-24.8667,113.6333,66.27,68,0,25.32
321,Beitbridge,ZW,2021-10-29 13:21:27,-22.2167,30.0,86.83,27,7,6.78
322,Drovyanaya,RU,2021-10-29 13:21:27,51.5833,113.0333,18.91,48,17,1.7
323,Khandbari,NP,2021-10-29 13:21:28,27.3747,87.2039,62.46,84,19,2.19
324,Pemangkat,ID,2021-10-29 13:21:28,1.1667,108.9667,80.69,77,100,7.02
325,Severo-Kurilsk,RU,2021-10-29 13:21:29,50.6789,156.125,43.9,94,100,4.25
326,Nalut,LY,2021-10-29 13:21:29,30.3333,10.85,75.49,29,0,9.13
327,Kirkuk,IQ,2021-10-29 13:16:48,35.4681,44.3922,82.83,16,98,10.96
328,Merauke,ID,2021-10-29 13:21:30,-8.4667,140.3333,80.13,84,100,11.12
329,Ritchie,ZA,2021-10-29 13:17:59,-29.038,24.6028,81.61,24,14,24.16
330,Erzincan,TR,2021-10-29 13:21:30,39.75,39.5,47.5,87,75,1.14
331,Pisco,PE,2021-10-29 13:18:39,-13.7,-76.2167,63.01,88,34,4.61
332,Saint-Pierre,RE,2021-10-29 13:21:31,-21.3393,55.4781,76.64,72,75,9.22
333,Krasnorechenskiy,RU,2021-10-29 13:21:31,44.6265,135.3532,35.67,70,0,2.62
334,La Ronge,CA,2021-10-29 13:21:32,55.1001,-105.2842,35.85,64,75,4.61
335,Kargil,IN,2021-10-29 13:21:32,34.5667,76.1,33.69,49,26,3.09
336,Novosergiyevka,RU,2021-10-29 13:21:33,52.0934,53.6528,39.15,89,100,3.11
337,Ashland,US,2021-10-29 13:20:56,40.8167,-82.2665,54.82,97,100,14.61
338,Qasigiannguit,GL,2021-10-29 13:21:34,68.8193,-51.1922,25.05,97,97,4.59
339,Gao,ML,2021-10-29 13:21:34,16.6362,1.637,99.97,15,37,7.11
340,Makakilo City,US,2021-10-29 13:21:35,21.3469,-158.0858,73.29,83,1,3.44
341,Tiksi,RU,2021-10-29 13:21:35,71.6872,128.8694,9.81,93,100,6.64
342,Dangtu,CN,2021-10-29 13:21:35,31.5723,118.4928,59.05,60,69,4.76
343,Rio Grande,BR,2021-10-29 13:16:40,-32.035,-52.0986,75.31,68,5,16.46
344,Peniche,PT,2021-10-29 13:21:36,39.3558,-9.3811,68.76,89,100,9.53
345,Krasnoselkup,RU,2021-10-29 13:21:36,65.7,82.4667,29.75,97,100,16.02
346,Boa Vista,BR,2021-10-29 13:21:37,2.8197,-60.6733,82.38,74,40,6.91
347,Krasnouralsk,RU,2021-10-29 13:21:37,58.3638,60.0407,22.51,67,11,10.92
348,Aripuana,BR,2021-10-29 13:21:38,-9.1667,-60.6333,85.46,58,100,3.56
349,Galveston,US,2021-10-29 13:21:38,29.3669,-94.9669,60.96,55,1,3.0
350,Ankazoabo,MG,2021-10-29 13:21:39,-22.2833,44.5167,89.55,13,5,10.09
351,Kieta,PG,2021-10-29 13:21:39,-6.2167,155.6333,79.47,80,6,4.99
352,Lluta,PE,2021-10-29 13:21:40,-16.0147,-72.0142,55.67,40,54,6.06
353,Skibbereen,IE,2021-10-29 13:21:40,51.55,-9.2667,53.4,79,100,12.26
354,Mindif,CM,2021-10-29 13:21:40,10.3976,14.4363,98.69,17,100,7.36
355,Teya,RU,2021-10-29 13:21:41,60.3778,92.6267,30.6,74,100,12.28
356,Erzurum,TR,2021-10-29 13:21:41,40.0,41.5,40.68,97,100,4.23
357,Paro,BT,2021-10-29 13:21:42,27.4305,89.4133,46.98,90,7,3.74
358,Bacolod,PH,2021-10-29 13:20:14,10.6667,122.95,79.02,87,100,10.16
359,Tura,IN,2021-10-29 13:21:42,25.5198,90.2201,69.08,93,0,4.14
360,Olafsvik,IS,2021-10-29 13:21:43,64.8945,-23.7142,40.03,88,100,36.75
361,Wevelgem,BE,2021-10-29 13:21:43,50.8325,3.1718,59.88,85,100,17.11
362,Bagnolo Mella,IT,2021-10-29 13:21:43,45.4291,10.1844,66.43,50,0,3.0
363,Paamiut,GL,2021-10-29 13:21:44,61.994,-49.6678,33.48,79,100,2.48
364,Skegness,GB,2021-10-29 13:21:44,53.1436,0.3363,60.35,77,100,36.53
365,Cockburn Town,TC,2021-10-29 13:21:45,21.4612,-71.1419,82.71,73,6,13.38
366,Coria,ES,2021-10-29 13:21:45,39.9879,-6.5377,64.45,87,100,9.78
367,Vrede,ZA,2021-10-29 13:21:45,-27.4257,29.1659,67.46,56,98,7.87
368,Oistins,BB,2021-10-29 13:21:46,13.0667,-59.5333,86.09,58,20,13.8
369,Aksu,CN,2021-10-29 13:21:46,41.1231,80.2644,54.52,32,91,4.03
370,Poum,NC,2021-10-29 13:21:20,-20.2333,164.0167,75.29,77,60,9.78
371,Butler,US,2021-10-29 13:21:47,39.4501,-84.5666,56.77,97,90,0.0
372,Jumla,NP,2021-10-29 13:21:48,29.2747,82.1838,48.83,92,48,0.63
373,Luang Prabang,LA,2021-10-29 13:21:48,19.8856,102.1347,72.88,94,53,0.96
374,Aldan,RU,2021-10-29 13:21:49,58.6031,125.3894,12.88,85,97,8.72
375,Coahuayana,MX,2021-10-29 13:21:49,18.7333,-103.6833,78.28,90,27,3.67
376,Antequera,ES,2021-10-29 13:21:50,37.0194,-4.5612,67.5,41,100,6.42
377,Shawville,CA,2021-10-29 13:21:50,45.6001,-76.4827,41.09,89,8,5.64
378,Balao,EC,2021-10-29 13:21:51,-2.9167,-79.8167,76.91,80,75,2.08
379,Volga,RU,2021-10-29 13:21:51,57.9516,38.3879,45.03,94,100,11.43
380,Cao Bang,VN,2021-10-29 13:21:52,22.6667,106.25,69.08,99,100,1.57
381,Ayan,RU,2021-10-29 13:21:52,56.45,138.1667,32.95,91,100,11.39
382,Boditi,ET,2021-10-29 13:21:53,6.9667,37.8667,73.17,36,20,8.5
383,Yerbogachen,RU,2021-10-29 13:21:53,61.2767,108.0108,18.59,84,100,4.81
384,Bac Lieu,VN,2021-10-29 13:21:53,9.285,105.7244,81.05,81,81,11.5
385,Quime,BO,2021-10-29 13:21:54,-16.9833,-67.2167,55.87,67,75,5.37
386,Topchanchi,IN,2021-10-29 13:21:54,23.9,86.2,73.31,62,3,6.2
387,Sinnamary,GF,2021-10-29 13:21:55,5.3833,-52.95,83.34,73,27,7.94
388,Port Hardy,CA,2021-10-29 13:21:55,50.6996,-127.4199,44.6,87,40,6.91
389,Bandarbeyla,SO,2021-10-29 13:21:55,9.4942,50.8122,80.53,64,0,18.12
390,Suluq,LY,2021-10-29 13:21:56,31.6682,20.2521,75.76,55,96,14.45
391,Haines Junction,CA,2021-10-29 13:21:56,60.7522,-137.5108,21.15,86,22,0.0
392,High Level,CA,2021-10-29 13:21:57,58.5169,-117.136,33.91,75,90,3.44
393,Huilong,CN,2021-10-29 13:21:57,31.8111,121.655,66.04,68,41,5.91
394,Pastos Bons,BR,2021-10-29 13:21:58,-6.6017,-44.0767,92.73,34,55,4.45
395,Opuwo,NA,2021-10-29 13:21:19,-18.0607,13.84,96.15,17,75,1.16
396,Monrovia,LR,2021-10-29 13:21:58,6.3005,-10.7969,85.77,76,100,5.68
397,Anadyr,RU,2021-10-29 13:21:59,64.75,177.4833,-10.7,76,0,6.71
398,San Patricio,US,2021-10-29 13:21:59,28.017,-97.5169,66.81,31,0,10.49
399,Hearst,CA,2021-10-29 13:22:00,49.6835,-83.6665,30.45,84,100,2.46
400,Talnakh,RU,2021-10-29 13:22:00,69.4865,88.3972,10.83,83,100,8.23
401,Pitimbu,BR,2021-10-29 13:22:01,-7.4706,-34.8086,84.79,68,35,12.21
402,Saint Anthony,US,2021-10-29 13:22:01,45.0205,-93.218,46.54,88,1,1.01
403,Alice Springs,AU,2021-10-29 13:22:01,-23.7,133.8833,74.75,22,4,14.97
404,Fortuna,US,2021-10-29 13:22:02,40.5982,-124.1573,57.47,76,90,5.75
405,Port Macquarie,AU,2021-10-29 13:22:03,-31.4333,152.9167,71.56,83,96,7.76
406,Ndago,TZ,2021-10-29 13:22:03,-4.6,34.35,88.2,21,93,4.88
407,Haimen,CN,2021-10-29 13:22:04,23.1935,116.6142,75.09,77,25,16.11
408,Te Anau,NZ,2021-10-29 13:22:04,-45.4167,167.7167,49.86,94,100,1.9
409,Broome,US,2021-10-29 13:22:05,42.2506,-75.833,50.83,69,40,1.99
410,Sao Filipe,CV,2021-10-29 13:22:05,14.8961,-24.4956,79.05,74,99,12.62
411,Zhezkazgan,KZ,2021-10-29 13:22:05,47.8043,67.7144,41.36,30,100,8.97
412,Lata,PT,2021-10-29 13:22:06,40.1629,-8.3327,64.92,73,100,5.93
413,Hambantota,LK,2021-10-29 13:22:06,6.1241,81.1185,80.04,83,98,14.23
414,Neftekumsk,RU,2021-10-29 13:22:07,44.6667,44.9167,53.1,48,61,7.58
415,Puerto Narino,CO,2021-10-29 13:22:07,-3.7703,-70.3831,78.75,77,43,1.28
416,Dickinson,US,2021-10-29 13:21:55,29.4608,-95.0513,60.13,55,1,1.01
417,Mandalgovi,MN,2021-10-29 13:22:08,45.7625,106.2708,30.02,75,22,14.0
418,Caledonia,US,2021-10-29 13:17:24,42.8078,-87.9242,53.58,91,90,5.01
419,Qostanay,KZ,2021-10-29 13:21:23,53.1667,63.5833,39.49,93,90,6.71
420,Tukrah,LY,2021-10-29 13:22:09,32.5341,20.5791,75.13,59,32,15.05
421,Jonava,LT,2021-10-29 13:22:09,55.0833,24.2833,59.74,54,0,4.0
422,Bongaree,AU,2021-10-29 13:22:10,-27.0797,153.1586,73.02,89,100,8.34
423,Corinto,GR,2021-10-29 13:22:10,37.9407,22.9573,66.42,51,37,10.8
424,Yulara,AU,2021-10-29 13:22:11,-25.2406,130.9889,78.64,13,20,12.66
425,Dudinka,RU,2021-10-29 13:22:11,69.4058,86.1778,14.61,92,100,15.68
426,Madimba,TZ,2021-10-29 13:22:12,-10.4,40.3333,82.81,56,28,16.55
427,Acapulco,MX,2021-10-29 13:22:12,16.8634,-99.8901,76.82,94,20,4.61
428,Saldanha,ZA,2021-10-29 13:22:13,-33.0117,17.9442,71.65,73,0,10.63
429,Santiago Del Estero,AR,2021-10-29 13:22:13,-27.7951,-64.2615,86.81,23,0,10.92
430,Villa Rica,US,2021-10-29 13:22:14,33.7321,-84.9191,53.2,98,100,7.83
431,Taloqan,AF,2021-10-29 13:22:14,36.7361,69.5345,56.77,62,0,5.7
432,Tiznit,MA,2021-10-29 13:22:15,29.5833,-9.5,76.73,33,8,6.87
433,Road Town,VG,2021-10-29 13:22:15,18.4167,-64.6167,85.19,70,20,9.22
434,Asyut,EG,2021-10-29 13:22:16,27.181,31.1837,92.23,15,10,9.8
435,Storforshei,NO,2021-10-29 13:22:16,66.4043,14.5233,44.65,93,75,4.61
436,Oranjestad,AW,2021-10-29 13:18:44,12.524,-70.027,84.15,79,40,20.71
437,Hurghada,EG,2021-10-29 13:17:18,27.2574,33.8129,86.45,33,10,10.6
438,Otane,NZ,2021-10-29 13:22:17,-39.8833,176.6333,53.01,95,65,3.15
439,Ciudad Del Maiz,MX,2021-10-29 13:22:17,22.4,-99.6,53.74,84,0,0.56
440,Coihaique,CL,2021-10-29 13:20:43,-45.5752,-72.0662,56.01,71,75,6.91
441,Francistown,BW,2021-10-29 13:22:18,-21.17,27.5079,88.14,26,3,6.15
442,Kiruna,SE,2021-10-29 13:22:18,67.8557,20.2251,32.92,75,23,2.3
443,Oxford,GB,2021-10-29 13:22:19,51.7522,-1.256,58.77,83,75,1.99
444,Sabha,LY,2021-10-29 13:22:19,27.0377,14.4283,80.35,25,100,8.37
445,Ponta Delgada,PT,2021-10-29 13:22:19,37.7333,-25.6667,72.32,88,75,23.02
446,Bilibino,RU,2021-10-29 13:22:20,68.0546,166.4372,-14.13,90,97,3.24
447,Salinas,US,2021-10-29 13:22:20,36.6777,-121.6555,62.56,82,1,11.5
448,Mantua,IT,2021-10-29 13:22:21,45.1667,10.7833,65.82,60,100,1.01
449,Kupang,ID,2021-10-29 13:22:21,-10.1667,123.5833,81.97,78,100,7.18
450,Marquard,ZA,2021-10-29 13:22:21,-28.6645,27.4305,67.75,59,49,20.11
451,Qaqortoq,GL,2021-10-29 13:22:22,60.7167,-46.0333,30.7,75,100,4.23
452,Ojinaga,MX,2021-10-29 13:22:22,29.5667,-104.4167,52.75,35,1,3.44
453,Osakarovka,KZ,2021-10-29 13:22:23,50.565,72.5692,35.42,47,100,13.38
454,Kaoma,ZM,2021-10-29 13:22:23,-14.7833,24.8,97.25,15,77,9.01
455,Ixtapa,MX,2021-10-29 13:22:23,20.7,-105.2,76.23,94,1,4.61
456,Vao,NC,2021-10-29 13:22:24,-22.6667,167.4833,70.74,72,0,13.71
457,Masterton,NZ,2021-10-29 13:22:24,-40.9597,175.6575,57.88,96,75,2.73
458,Melnikovo,RU,2021-10-29 13:22:24,56.5558,84.085,40.24,56,100,12.68
459,Przhevalskoye,RU,2021-10-29 13:22:25,55.5093,31.8482,53.55,81,21,7.85
460,Ravar,IR,2021-10-29 13:22:26,31.2656,56.8055,68.85,20,100,5.41
461,Conceicao Do Araguaia,BR,2021-10-29 13:22:26,-8.2578,-49.2647,95.34,35,5,2.62
462,Tilichiki,RU,2021-10-29 13:22:26,60.4667,166.1,23.52,95,100,6.76
463,Muros,ES,2021-10-29 13:22:27,42.7762,-9.0603,63.23,83,100,16.08
464,Qui Nhon,VN,2021-10-29 13:22:27,13.7667,109.2333,78.03,88,48,7.47
465,Manaia,NZ,2021-10-29 13:22:28,-39.55,174.1333,53.08,93,15,10.2
466,Tenneville,BE,2021-10-29 13:22:28,50.095,5.5289,63.73,64,42,15.73
467,Jizan,SA,2021-10-29 13:22:29,17.3333,42.6667,92.34,37,9,20.02
468,Lebanon,US,2021-10-29 13:22:29,36.2081,-86.2911,53.65,77,75,5.75
469,Tendukheda,IN,2021-10-29 13:22:30,23.4,79.55,74.55,41,6,2.51
470,Brigantine,US,2021-10-29 13:22:30,39.4101,-74.3646,61.0,79,75,17.27
471,Nuuk,GL,2021-10-29 13:22:30,64.1835,-51.7216,32.88,86,100,13.0
472,Opotiki,NZ,2021-10-29 13:22:31,-38.0833,177.2833,53.38,96,37,2.44
473,Lumeje,AO,2021-10-29 13:22:31,-11.55,20.7833,85.12,41,100,3.36
474,Kemise,ET,2021-10-29 13:22:32,10.7167,39.8667,77.54,26,70,9.55
475,Tazovskiy,RU,2021-10-29 13:22:32,67.4667,78.7,26.44,96,100,14.2
476,Sechelt,CA,2021-10-29 13:22:14,49.4664,-123.7694,48.29,91,83,8.57
477,Marialva,BR,2021-10-29 13:22:33,-23.485,-51.7917,79.43,61,0,7.11
478,Klyuchi,RU,2021-10-29 13:22:33,52.2667,79.1667,42.71,34,100,14.05
479,Narsaq,GL,2021-10-29 13:22:34,60.9167,-46.05,30.42,70,100,3.98
480,Verkh-Tula,RU,2021-10-29 13:22:34,54.8839,82.7762,37.18,52,0,11.18
481,Barcelos,PT,2021-10-29 13:22:35,41.5388,-8.6151,62.85,72,100,9.31
482,Hanmer Springs,NZ,2021-10-29 13:22:35,-42.5167,172.8167,50.65,95,92,3.51
483,Lagos,NG,2021-10-29 13:21:07,6.5833,3.75,89.92,61,98,6.64
484,Canyon,US,2021-10-29 13:22:36,34.9803,-101.9188,42.67,53,0,11.99
485,Torbay,CA,2021-10-29 13:22:36,47.6666,-52.7314,41.58,89,90,18.41
486,Mayo,US,2021-10-29 13:22:37,38.8876,-76.5119,60.78,89,90,15.01
487,Tolmachevo,RU,2021-10-29 13:22:37,54.9824,82.7363,37.38,52,0,11.18
488,Maracacume,BR,2021-10-29 13:22:38,-2.0428,-45.9592,88.54,56,68,4.81
489,Liusha,CN,2021-10-29 13:22:39,27.2098,108.59,53.94,94,100,1.41
490,Tezu,IN,2021-10-29 13:22:39,27.9167,96.1667,69.62,57,0,4.65
491,Dwarka,IN,2021-10-29 13:22:39,22.2394,68.9678,83.52,47,1,11.41
492,Shimoda,JP,2021-10-29 13:22:40,34.6667,138.95,57.11,65,39,9.64
493,Sobolevo,RU,2021-10-29 13:22:40,54.4299,31.8996,55.11,78,16,9.13
494,Yarim,YE,2021-10-29 13:22:41,14.298,44.3779,65.37,18,19,8.63
495,Koppal,IN,2021-10-29 13:22:41,15.35,76.15,78.42,68,100,7.4
496,Yatou,CN,2021-10-29 13:22:42,37.15,122.3833,58.42,64,100,5.73
497,Pont-Sainte-Maxence,FR,2021-10-29 13:20:15,49.3017,2.6047,60.3,85,100,18.54
498,Darnah,LY,2021-10-29 13:22:42,32.767,22.6367,71.51,73,99,8.1
499,Sisimiut,GL,2021-10-29 13:22:43,66.9395,-53.6735,30.52,96,100,6.44
500,Xacmaz,AZ,2021-10-29 13:22:43,41.4635,48.806,54.57,71,100,5.5
501,Charqueadas,BR,2021-10-29 13:22:44,-29.9547,-51.6253,82.56,53,63,6.53
502,Creel,MX,2021-10-29 13:22:44,27.75,-107.6333,44.6,40,0,5.39
503,Coquimbo,CL,2021-10-29 13:19:41,-29.9533,-71.3436,56.93,88,90,6.91
504,Plessisville,CA,2021-10-29 13:22:45,46.2186,-71.762,43.03,74,0,5.59
505,Marovoay,MG,2021-10-29 13:22:45,-16.1,46.6333,84.34,41,77,13.78
506,Tsaratanana,MG,2021-10-29 13:22:46,-16.7833,47.65,79.65,61,87,2.51
507,Vila Velha,BR,2021-10-29 13:22:46,-20.3297,-40.2925,78.75,73,20,11.5
508,Semenivka,UA,2021-10-29 13:22:47,52.1783,32.5818,55.78,73,14,5.64
509,Huaraz,PE,2021-10-29 13:22:26,-9.5333,-77.5333,55.99,67,99,6.62
510,Nioro,GM,2021-10-29 13:22:47,13.35,-15.75,90.57,44,92,5.39
511,Port Keats,AU,2021-10-29 13:22:48,-14.25,129.55,85.24,70,97,6.51
512,Teyateyaneng,LS,2021-10-29 13:22:48,-29.1472,27.7489,63.7,68,39,8.14
513,Tinde,TZ,2021-10-29 13:22:49,-3.8833,33.2,93.06,20,48,2.93
514,Portland,US,2021-10-29 13:21:07,45.5234,-122.6762,54.45,93,90,1.99
515,Karratha,AU,2021-10-29 13:22:49,-20.7377,116.8463,75.13,59,35,17.13
516,College,US,2021-10-29 13:19:58,64.8569,-147.8028,22.21,90,90,0.0
517,Imbituba,BR,2021-10-29 13:22:50,-28.24,-48.6703,71.82,97,100,3.42
518,Usinsk,RU,2021-10-29 13:22:50,65.9939,57.5281,11.59,88,12,12.17
519,Miraflores,MX,2021-10-29 13:22:51,19.2167,-98.8083,56.03,85,2,2.28
520,Sao Benedito Do Rio Preto,BR,2021-10-29 13:22:51,-3.3336,-43.5283,91.38,46,21,4.79
521,Show Low,US,2021-10-29 13:18:19,34.2542,-110.0298,39.61,74,1,0.0
522,Navahrudak,BY,2021-10-29 13:22:51,53.6,25.8333,55.53,65,13,9.48
523,San Carlos,VE,2021-10-29 13:22:52,9.6612,-68.5827,76.78,91,69,2.19
524,Hovd,MN,2021-10-29 13:22:52,48.0056,91.6419,36.37,52,0,1.25
525,Nakusp,CA,2021-10-29 13:22:53,50.2499,-117.8023,41.47,100,100,2.3
526,Juegang,CN,2021-10-29 13:22:53,32.3174,121.1855,63.99,71,99,5.3
527,Nabire,ID,2021-10-29 13:22:53,-3.3667,135.4833,75.81,93,100,4.94
528,Gizo,SB,2021-10-29 13:22:54,-8.103,156.8419,83.41,75,5,3.29
529,Makat,KZ,2021-10-29 13:22:54,47.6469,53.3463,47.16,77,100,5.46
530,Lorengau,PG,2021-10-29 13:22:55,-2.0226,147.2712,81.39,78,10,3.22
531,Comodoro Rivadavia,AR,2021-10-29 13:22:55,-45.8667,-67.5,66.06,37,0,11.5
532,Vestmanna,FO,2021-10-29 13:22:55,62.1564,-7.1664,49.12,93,75,11.5
533,Port-Cartier,CA,2021-10-29 13:22:56,50.0334,-66.8654,41.22,51,0,3.83
534,Nouadhibou,MR,2021-10-29 13:22:56,20.931,-17.0347,80.58,44,0,13.8
535,Chara,RU,2021-10-29 13:22:57,56.9064,118.2631,13.48,60,0,3.22
536,Yaizu,JP,2021-10-29 13:22:57,34.8667,138.3333,59.09,66,17,3.76
537,Danane,CI,2021-10-29 13:22:57,7.2596,-8.155,84.92,64,100,3.85
538,Kavaratti,IN,2021-10-29 13:22:58,10.5669,72.642,82.76,70,100,4.38
539,Torres,BR,2021-10-29 13:21:21,-29.3353,-49.7269,70.23,77,100,7.96
540,Vincennes,FR,2021-10-29 13:22:58,48.85,2.4333,60.03,82,75,3.0
541,Serabu,SL,2021-10-29 13:22:59,7.7958,-12.0536,88.86,57,100,3.62
542,Vanimo,PG,2021-10-29 13:22:59,-2.6741,141.3028,78.96,86,49,2.98
543,Parana,AR,2021-10-29 13:21:02,-31.732,-60.5238,82.56,45,61,9.71
544,Neiafu,TO,2021-10-29 13:23:00,-18.65,-173.9833,75.88,88,75,8.05
545,Kayerkan,RU,2021-10-29 13:23:01,69.3497,87.7602,11.61,86,100,12.3
546,Barao De Melgaco,BR,2021-10-29 13:23:01,-16.1944,-55.9675,91.92,78,100,6.2
547,Punta Cardon,VE,2021-10-29 13:23:01,11.6581,-70.215,82.06,73,97,13.62
548,Katsuura,JP,2021-10-29 13:23:02,35.1333,140.3,60.91,62,1,12.12
549,North Bend,US,2021-10-29 13:23:02,43.4065,-124.2243,61.95,100,90,6.91
550,Lavrentiya,RU,2021-10-29 13:23:03,65.5833,-171.0,15.85,89,100,6.04
551,Santa Cruz,BO,2021-10-29 13:23:03,-17.8,-63.1667,86.05,66,56,14.97
552,Palana,RU,2021-10-29 13:23:04,59.1167,159.9667,30.31,96,100,24.92
553,Carndonagh,IE,2021-10-29 13:23:04,55.25,-7.2667,53.22,78,100,8.48
554,Xingyi,CN,2021-10-29 13:23:05,24.1877,102.817,56.66,96,37,2.28
555,Zyryanka,RU,2021-10-29 13:23:05,65.75,150.85,-0.87,97,95,2.33
556,Aginskoye,RU,2021-10-29 13:23:05,51.1,114.53,30.18,49,100,8.52
557,Norden,DE,2021-10-29 13:23:06,53.6,7.2,64.9,63,100,8.01
558,Lazaro Cardenas,MX,2021-10-29 13:20:11,17.9583,-102.2,75.76,86,4,4.7
559,Gat,IL,2021-10-29 13:23:07,31.61,34.7642,87.4,33,1,11.1
560,Bindi,SL,2021-10-29 13:23:07,9.9167,-11.45,82.53,70,100,5.82
561,Yibin,CN,2021-10-29 13:23:07,28.7667,104.6238,58.86,88,0,2.37
562,Beringovskiy,RU,2021-10-29 13:23:08,63.05,179.3167,6.37,87,63,3.42
563,Xining,CN,2021-10-29 13:23:08,36.6167,101.7667,43.92,45,6,1.97
564,Vieux-Habitants,GP,2021-10-29 13:23:09,16.0589,-61.7659,83.77,70,31,10.58
565,Burlington,US,2021-10-29 13:23:09,39.8835,-74.6413,58.01,83,1,8.01
566,Alta Floresta,BR,2021-10-29 13:23:09,-9.8756,-56.0861,84.47,56,100,3.76
567,Balaguer,ES,2021-10-29 13:23:10,41.7912,0.8109,69.26,61,100,1.45
568,Manokwari,ID,2021-10-29 13:23:10,-0.8667,134.0833,80.76,71,100,1.25
569,Phangnga,TH,2021-10-29 13:23:11,8.4509,98.5298,84.24,92,100,3.42
570,Kidal,ML,2021-10-29 13:23:11,18.4411,1.4078,99.82,12,29,4.43
571,Acajutla,SV,2021-10-29 13:23:11,13.5928,-89.8275,77.34,82,15,4.07
572,Diego De Almagro,CL,2021-10-29 13:23:12,-26.3667,-70.05,69.57,20,0,1.95
573,Ust-Kuyga,RU,2021-10-29 13:23:12,70.0167,135.6,11.08,96,100,4.38
574,Marquette,US,2021-10-29 13:21:38,46.5333,-87.6335,51.82,76,100,11.97
575,Arcachon,FR,2021-10-29 13:23:13,44.5875,-1.0519,64.72,82,90,18.41
576,Harper,LR,2021-10-29 13:23:14,4.375,-7.7169,79.86,83,89,11.25
577,Samus,RU,2021-10-29 13:23:14,56.7475,84.6992,40.32,56,100,12.26
578,Mardin,TR,2021-10-29 13:23:14,37.3131,40.7436,60.06,59,75,9.22
579,Dakar,SN,2021-10-29 13:21:23,14.6937,-17.4441,94.08,58,100,4.61
580,Nhulunbuy,AU,2021-10-29 13:23:15,-12.2333,136.7667,81.21,74,7,4.61
581,Hastings,GB,2021-10-29 13:21:07,50.8552,0.5729,59.38,81,100,25.86
582,Kongolo,CD,2021-10-29 13:23:16,-5.3833,27.0,80.37,75,100,3.53
583,Griffith,US,2021-10-29 13:23:16,41.5284,-87.4237,55.4,96,90,3.0
584,Pecos,US,2021-10-29 13:23:16,31.4229,-103.4932,52.3,48,1,4.61
585,Tucupita,VE,2021-10-29 13:23:17,9.0622,-62.051,79.61,86,86,4.25
586,Constitucion,CL,2021-10-29 13:23:17,-35.3333,-72.4167,63.34,61,100,9.64
587,Akureyri,IS,2021-10-29 13:23:18,65.6835,-18.0878,42.73,81,75,8.05
588,Meshcherino,RU,2021-10-29 13:23:18,55.1957,38.36,49.82,76,100,14.43
589,Luganville,VU,2021-10-29 13:23:19,-15.5333,167.1667,79.43,82,22,8.05
590,Mahina,PF,2021-10-29 13:23:19,-17.5065,-149.489,69.57,94,40,4.61
591,Klaksvik,FO,2021-10-29 13:23:20,62.2266,-6.589,50.92,90,100,17.52
592,Baijiantan,CN,2021-10-29 13:23:20,45.6333,85.1833,56.05,39,15,5.66
593,Sioux Lookout,CA,2021-10-29 13:23:20,50.1001,-91.917,41.07,87,90,6.91
594,Katherine,AU,2021-10-29 13:23:21,-14.4667,132.2667,79.12,73,99,2.3
595,Sri Aman,MY,2021-10-29 13:23:21,1.2376,111.4621,78.85,98,100,0.0
